{"name":"5b1876ce-1c68-4c35-8f0b-f42ece813f82","id":"/providers/Microsoft.Flow/flows/5b1876ce-1c68-4c35-8f0b-f42ece813f82","type":"Microsoft.Flow/flows","properties":{"apiId":"/providers/Microsoft.PowerApps/apis/shared_logicflows","displayName":"When Vdeo is uploaded to Onedrive","definition":{"metadata":{"workflowEntityId":null,"processAdvisorMetadata":null,"flowclientsuspensionreason":"None","flowclientsuspensiontime":null,"creator":{"id":"ce99d4ca-9b26-4884-83ed-fa2b8e93528b","type":"User","tenantId":"6edb49c1-bf72-4eea-8b3f-a7fd0a25b68c"},"provisioningMethod":"FromDefinition","failureAlertSubscription":true,"clientLastModifiedTime":"2022-05-04T11:48:10.0738345Z"},"$schema":"https://schema.management.azure.com/providers/Microsoft.Logic/schemas/2016-06-01/workflowdefinition.json#","contentVersion":"1.0.0.0","parameters":{"$connections":{"defaultValue":{},"type":"Object"},"$authentication":{"defaultValue":{},"type":"SecureObject"}},"triggers":{"When_a_file_is_created":{"recurrence":{"frequency":"Minute","interval":5},"metadata":{"b!emMNMLfFcUaEi4N0iiNoak253RFqTmJNgB5IrkAh8ZsUnHWG2f0TTqZLCpvx8K46.01YFBYACZOPZMWPWBXTRHZ7KUZF4ROSJ4N":"/4th Year/Software Project/Videos","operationMetadataId":"e6de6791-d216-4fa2-80dc-9a849eb05ace"},"type":"OpenApiConnection","inputs":{"host":{"apiId":"/providers/Microsoft.PowerApps/apis/shared_onedriveforbusiness","connectionName":"shared_onedriveforbusiness","operationId":"OnNewFileV2"},"parameters":{"folderId":"b!emMNMLfFcUaEi4N0iiNoak253RFqTmJNgB5IrkAh8ZsUnHWG2f0TTqZLCpvx8K46.01YFBYACZOPZMWPWBXTRHZ7KUZF4ROSJ4N","includeSubfolders":false,"inferContentType":true},"authentication":"@parameters('$authentication')"}}},"actions":{"Create_share_link":{"runAfter":{},"metadata":{"operationMetadataId":"dfb780b7-f38c-42ab-9d93-ffe1113a7fa7"},"type":"OpenApiConnection","inputs":{"host":{"apiId":"/providers/Microsoft.PowerApps/apis/shared_onedriveforbusiness","connectionName":"shared_onedriveforbusiness","operationId":"CreateShareLinkV2"},"parameters":{"id":"@triggerOutputs()?['headers/x-ms-file-id']","type":"View","scope":"Anonymous"},"authentication":"@parameters('$authentication')"}},"Get_Account_Access_Token":{"runAfter":{"Create_share_link":["Succeeded"]},"metadata":{"operationMetadataId":"23761683-0778-40d8-88e6-e617d31eacea"},"type":"OpenApiConnection","inputs":{"host":{"apiId":"/providers/Microsoft.PowerApps/apis/shared_videoindexer-v2","connectionName":"shared_videoindexer-v2_1","operationId":"Get-Account-Access-Token"},"parameters":{"location":"westeurope","accountId":"7e119b13-78d1-4938-97b6-4b1e1e383173","allowEdit":false},"authentication":"@parameters('$authentication')"}},"Upload_video_and_index":{"runAfter":{"Get_Account_Access_Token":["Succeeded"]},"metadata":{"operationMetadataId":"e3c52570-5b8c-402f-ab44-8cb0417d2d74"},"type":"OpenApiConnection","inputs":{"host":{"apiId":"/providers/Microsoft.PowerApps/apis/shared_videoindexer-v2","connectionName":"shared_videoindexer-v2_1","operationId":"Upload-video"},"parameters":{"location":"westeurope","accountId":"7e119b13-78d1-4938-97b6-4b1e1e383173","accessToken":"@body('Get_Account_Access_Token')","name":"@{triggerOutputs()?['headers/x-ms-file-name-encoded']} Summary","videoUrl":"@outputs('Create_share_link')?['body/WebUrl']","callbackUrl":"https://prod-121.westeurope.logic.azure.com:443/workflows/1778e186e44f49aa867b3a7889fda8b3/triggers/manual/paths/invoke?api-version=2016-06-01&sp=%2Ftriggers%2Fmanual%2Frun&sv=1.0&sig=9ppqZ8ulJpbAmsOfLRg2CfxU8NUdVvRog4a6K-VQ7VM","indexingPreset":"AudioOnly"},"authentication":"@parameters('$authentication')"}}}},"connectionReferences":{"shared_onedriveforbusiness":{"connectionName":"shared-onedriveforbu-7eff04d0-8b21-4b98-81e0-aa08-71109aa9","source":"Embedded","id":"/providers/Microsoft.PowerApps/apis/shared_onedriveforbusiness","tier":"NotSpecified"},"shared_videoindexer-v2_1":{"connectionName":"shared-videoindexer--1b816957-c7da-4367-99b1-369edfbc1562","source":"Embedded","id":"/providers/Microsoft.PowerApps/apis/shared_videoindexer-v2","tier":"NotSpecified"}},"flowFailureAlertSubscribed":false,"isManaged":false}}