{"name":"525b4029-4c36-4b77-b423-4afad93d4323","id":"/providers/Microsoft.Flow/flows/525b4029-4c36-4b77-b423-4afad93d4323","type":"Microsoft.Flow/flows","properties":{"apiId":"/providers/Microsoft.PowerApps/apis/shared_logicflows","displayName":"Text Summarizer","definition":{"metadata":{"workflowEntityId":null,"processAdvisorMetadata":null,"flowclientsuspensionreason":"None","flowclientsuspensiontime":null,"creator":{"id":"ce99d4ca-9b26-4884-83ed-fa2b8e93528b","type":"User","tenantId":"6edb49c1-bf72-4eea-8b3f-a7fd0a25b68c"},"provisioningMethod":"FromDefinition","failureAlertSubscription":true,"clientLastModifiedTime":"2022-05-10T10:49:39.4501247Z"},"$schema":"https://schema.management.azure.com/providers/Microsoft.Logic/schemas/2016-06-01/workflowdefinition.json#","contentVersion":"1.0.0.0","parameters":{"$connections":{"defaultValue":{},"type":"Object"},"$authentication":{"defaultValue":{},"type":"SecureObject"}},"triggers":{"When_a_file_is_created_(properties_only)":{"recurrence":{"frequency":"Minute","interval":5},"splitOn":"@triggerOutputs()?['body']","metadata":{"b!emMNMLfFcUaEi4N0iiNoak253RFqTmJNgB5IrkAh8ZsUnHWG2f0TTqZLCpvx8K46.01YFBYACZOPZMWPWBXTRHZ7KUZF4ROSJ4N":"/4th Year/Software Project/Videos","operationMetadataId":"f7fabcac-051b-4845-bc84-dee0eb84417e","b!emMNMLfFcUaEi4N0iiNoak253RFqTmJNgB5IrkAh8ZsUnHWG2f0TTqZLCpvx8K46.01YFBYACYBQNN6YIRKAZCKAKBKNA3CZATA":"/4th Year/Software Project/Videos/Summarised"},"type":"OpenApiConnection","inputs":{"host":{"apiId":"/providers/Microsoft.PowerApps/apis/shared_onedriveforbusiness","connectionName":"shared_onedriveforbusiness","operationId":"OnNewFilesV2"},"parameters":{"folderId":"b!emMNMLfFcUaEi4N0iiNoak253RFqTmJNgB5IrkAh8ZsUnHWG2f0TTqZLCpvx8K46.01YFBYACYBQNN6YIRKAZCKAKBKNA3CZATA","includeSubfolders":false,"maxFileCount":10},"authentication":"@parameters('$authentication')"}}},"actions":{"Initialize_variable_'Transcripts'":{"runAfter":{},"metadata":{"operationMetadataId":"17741d98-bca1-4233-8fd4-2d27325b9fa8"},"type":"InitializeVariable","inputs":{"variables":[{"name":"Transcripts","type":"string"}]}},"Create_share_link":{"runAfter":{"Initialize_variable_'Transcripts'":["Succeeded"]},"metadata":{"operationMetadataId":"225b9336-bb3e-4469-9e41-32fb36525ed0"},"type":"OpenApiConnection","inputs":{"host":{"apiId":"/providers/Microsoft.PowerApps/apis/shared_onedriveforbusiness","connectionName":"shared_onedriveforbusiness","operationId":"CreateShareLinkV2"},"parameters":{"id":"@triggerOutputs()?['body/Id']","type":"View","scope":"Anonymous"},"authentication":"@parameters('$authentication')"}},"Do_until":{"actions":{"Get_Video_Index":{"runAfter":{},"metadata":{"operationMetadataId":"6498537c-bf3d-403f-804f-06e448cf9a87"},"type":"OpenApiConnection","inputs":{"host":{"apiId":"/providers/Microsoft.PowerApps/apis/shared_videoindexer-v2","connectionName":"shared_videoindexer-v2","operationId":"Get-Video-Index"},"parameters":{"location":"westeurope","accountId":"7e119b13-78d1-4938-97b6-4b1e1e383173","videoId":"@outputs('Upload_video_and_index')?['body/id']","accessToken":"@body('Get_Account_Access_Token')","language":"English"},"authentication":"@parameters('$authentication')"}},"Check_if_Processed":{"actions":{"Compose":{"runAfter":{},"metadata":{"operationMetadataId":"244fb192-2d4c-41c4-841b-3bb50a6110c1"},"type":"Compose","inputs":"@body('Get_Video_Index')?['videos'][0]['insights']['transcript']"},"Parse_JSON":{"runAfter":{"Compose":["Succeeded"]},"metadata":{"operationMetadataId":"13d2c346-986e-4ae0-877b-1895fba47317"},"type":"ParseJson","inputs":{"content":"@outputs('Compose')","schema":{"type":"array","items":{"type":"object","properties":{"text":{}}}}}},"If_transcript_not_found":{"runAfter":{"Compose":["Succeeded"]},"metadata":{"operationMetadataId":"1629b97d-6b68-4987-a139-f85b3efae67f"},"type":"OpenApiConnection","inputs":{"host":{"apiId":"/providers/Microsoft.PowerApps/apis/shared_office365","connectionName":"shared_office365","operationId":"SendEmailV2"},"parameters":{"emailMessage/To":"x18322486@student.ncirl.ie","emailMessage/Subject":"Transcript not found - @{outputs('Get_Video_Index')?['body/name']}","emailMessage/Body":"<p>Could not find transcript of uploaded video.<br>\n<br>\nVideoID: @{body('Get_Video_Index')?['id']}<br>\nVideo Name: @{body('Get_Video_Index')?['name']}<br>\nVideo URL: @{body('Create_share_link')?['WebUrl']}</p>"},"authentication":"@parameters('$authentication')"}},"Apply_to_each":{"foreach":"@body('Parse_JSON')","actions":{"Append_to_string_variable":{"runAfter":{},"metadata":{"operationMetadataId":"7b596f47-3594-4896-98ce-9387cdabb0fc"},"type":"AppendToStringVariable","inputs":{"name":"Transcripts","value":"@items('Apply_to_each')['text']"}}},"runAfter":{"Parse_JSON":["Succeeded"]},"metadata":{"operationMetadataId":"1e7ad689-803f-479e-8d79-6a65b14f4dec"},"type":"Foreach"},"Create_file":{"runAfter":{"Apply_to_each":["Succeeded"]},"metadata":{"operationMetadataId":"983f2991-72fe-4fe7-81c8-8c74e1165452"},"type":"OpenApiConnection","inputs":{"host":{"apiId":"/providers/Microsoft.PowerApps/apis/shared_sharepointonline","connectionName":"shared_sharepointonline","operationId":"CreateFile"},"parameters":{"dataset":"https://studentncirl.sharepoint.com/sites/TextSummarizer?market=en-US","folderPath":"/Shared Documents/Forms/Document","name":"@{triggerOutputs()?['body/DisplayName']}_transcripts.txt","body":"@variables('Transcripts')"},"authentication":"@parameters('$authentication')"},"runtimeConfiguration":{"contentTransfer":{"transferMode":"Chunked"}}},"Update_file_properties":{"runAfter":{"Create_file":["Succeeded"]},"metadata":{"operationMetadataId":"1e073f5a-8e3d-4261-80c7-829983051748"},"type":"OpenApiConnection","inputs":{"host":{"apiId":"/providers/Microsoft.PowerApps/apis/shared_sharepointonline","connectionName":"shared_sharepointonline","operationId":"PatchFileItem"},"parameters":{"dataset":"https://studentncirl.sharepoint.com/sites/TextSummarizer?market=en-US","table":"d4aae0b8-7145-4e9a-8b04-217afde3144c","id":"@outputs('Create_file')?['body/ItemId']"},"authentication":"@parameters('$authentication')"}},"Extract_the_key_phrases_from_text":{"runAfter":{"Update_file_properties":["Succeeded"]},"metadata":{"operationMetadataId":"dac07f65-753a-4b08-bccc-e80ab1b9deb6","flowSystemMetadata":{"portalOperationId":"aibuilderpredict_keyphraseextraction","portalOperationGroup":"aibuilder","portalOperationApiDisplayNameOverride":"AI Builder","portalOperationIconOverride":"https://psuxemea.azureedge.net/Content/Images/DesignerOperations/aiBuilder.png","portalOperationBrandColorOverride":"#742775","portalOperationApiTierOverride":"Standard"}},"type":"OpenApiConnection","inputs":{"host":{"apiId":"/providers/Microsoft.PowerApps/apis/shared_commondataserviceforapps","connectionName":"shared_commondataserviceforapps","operationId":"aibuilderpredict_keyphraseextraction"},"parameters":{"item/requestv2/language":"en","item/requestv2/text":"@variables('Transcripts')","recordId":"c8425db7-c5a7-4226-b38e-c93a044c0fe1"},"authentication":"@parameters('$authentication')"}},"Apply_to_each_2":{"foreach":"@outputs('Extract_the_key_phrases_from_text')?['body/responsev2/predictionOutput/results']","actions":{"Create_file_2":{"runAfter":{},"metadata":{"operationMetadataId":"1baea33b-480c-4862-a941-4b5a420d4b69"},"type":"OpenApiConnection","inputs":{"host":{"apiId":"/providers/Microsoft.PowerApps/apis/shared_sharepointonline","connectionName":"shared_sharepointonline","operationId":"CreateFile"},"parameters":{"dataset":"https://studentncirl.sharepoint.com/sites/TextSummarizer?market=en-US","folderPath":"/Shared Documents/Forms/Document","name":"@{triggerOutputs()?['body/DisplayName']}_summarised","body":"@items('Apply_to_each_2')?['phrase']"},"authentication":"@parameters('$authentication')"},"runtimeConfiguration":{"contentTransfer":{"transferMode":"Chunked"}}},"Send_an_email_(V2)":{"runAfter":{"Create_file_2":["Succeeded"]},"metadata":{"operationMetadataId":"0a6d65fc-15a9-4955-912c-ca10c4aa176e"},"type":"OpenApiConnection","inputs":{"host":{"apiId":"/providers/Microsoft.PowerApps/apis/shared_office365","connectionName":"shared_office365","operationId":"SendEmailV2"},"parameters":{"emailMessage/To":"x18322486@student.ncirl.ie","emailMessage/Subject":"Meeting Notes","emailMessage/Body":"<p>@{items('Apply_to_each_2')?['phrase']}</p>"},"authentication":"@parameters('$authentication')"}}},"runAfter":{"Extract_the_key_phrases_from_text":["Succeeded"]},"metadata":{"operationMetadataId":"49267f0b-f4c6-44aa-a3d9-811c7408bd25"},"type":"Foreach"}},"runAfter":{"Get_Video_Index":["Succeeded"]},"expression":{"equals":["@outputs('Get_Video_Index')?['body/state']","Processed"]},"metadata":{"operationMetadataId":"6eceb639-f5a3-4ecd-a57d-312e201af2b9"},"type":"If"}},"runAfter":{"Upload_video_and_index":["Succeeded"]},"expression":"@equals(outputs('Get_Video_Index')?['body/state'], 'Processed')","limit":{"count":60,"timeout":"PT1H"},"metadata":{"operationMetadataId":"b6ed9f88-ce1e-4a79-a840-0b48b545d41c"},"type":"Until"},"Get_Account_Access_Token":{"runAfter":{"Create_share_link":["Succeeded"]},"metadata":{"operationMetadataId":"e607ee59-4588-4989-b12e-5bb3c2f0e147"},"type":"OpenApiConnection","inputs":{"host":{"apiId":"/providers/Microsoft.PowerApps/apis/shared_videoindexer-v2","connectionName":"shared_videoindexer-v2","operationId":"Get-Account-Access-Token"},"parameters":{"location":"westeurope","accountId":"7e119b13-78d1-4938-97b6-4b1e1e383173","allowEdit":false},"authentication":"@parameters('$authentication')"}},"Upload_video_and_index":{"runAfter":{"Get_Account_Access_Token":["Succeeded"]},"metadata":{"operationMetadataId":"74ec4936-001d-4e95-a86e-2d2eba384ea8"},"type":"OpenApiConnection","inputs":{"host":{"apiId":"/providers/Microsoft.PowerApps/apis/shared_videoindexer-v2","connectionName":"shared_videoindexer-v2","operationId":"Upload-video"},"parameters":{"location":"westeurope","accountId":"7e119b13-78d1-4938-97b6-4b1e1e383173","accessToken":"@body('Get_Account_Access_Token')","name":"@triggerOutputs()?['body/Name']"},"authentication":"@parameters('$authentication')"}}}},"connectionReferences":{"shared_onedriveforbusiness":{"connectionName":"shared-onedriveforbu-7eff04d0-8b21-4b98-81e0-aa08-71109aa9","source":"Embedded","id":"/providers/Microsoft.PowerApps/apis/shared_onedriveforbusiness","tier":"NotSpecified"},"shared_videoindexer-v2":{"connectionName":"shared-videoindexer--4957906b-a146-4858-9a43-ba225398e297","source":"Embedded","id":"/providers/Microsoft.PowerApps/apis/shared_videoindexer-v2","tier":"NotSpecified"},"shared_office365":{"connectionName":"shared-office365-b59892ed-57d9-4be7-96af-bd81-dd020608","source":"Embedded","id":"/providers/Microsoft.PowerApps/apis/shared_office365","tier":"NotSpecified"},"shared_sharepointonline":{"connectionName":"shared-sharepointonl-3aa56f7a-88b5-4463-a0c2-5109-ab5571bc","source":"Embedded","id":"/providers/Microsoft.PowerApps/apis/shared_sharepointonline","tier":"NotSpecified"},"shared_commondataserviceforapps":{"connectionName":"shared-commondataser-db437e56-f47b-4380-829e-3613a73b265f","source":"Embedded","id":"/providers/Microsoft.PowerApps/apis/shared_commondataserviceforapps","tier":"NotSpecified"}},"flowFailureAlertSubscribed":false,"isManaged":false}}