{"name":"9066ab7a-1a52-4e61-9cab-284a391dbada","id":"/providers/Microsoft.Flow/flows/9066ab7a-1a52-4e61-9cab-284a391dbada","type":"Microsoft.Flow/flows","properties":{"apiId":"/providers/Microsoft.PowerApps/apis/shared_logicflows","displayName":"Get text from video","definition":{"metadata":{"workflowEntityId":null,"processAdvisorMetadata":null,"flowclientsuspensionreason":"None","flowclientsuspensiontime":null,"creator":{"id":"ce99d4ca-9b26-4884-83ed-fa2b8e93528b","type":"User","tenantId":"6edb49c1-bf72-4eea-8b3f-a7fd0a25b68c"},"provisioningMethod":"FromDefinition","failureAlertSubscription":true,"clientLastModifiedTime":"2022-05-10T10:46:20.3890064Z"},"$schema":"https://schema.management.azure.com/providers/Microsoft.Logic/schemas/2016-06-01/workflowdefinition.json#","contentVersion":"1.0.0.0","parameters":{"$connections":{"defaultValue":{},"type":"Object"},"$authentication":{"defaultValue":{},"type":"SecureObject"}},"triggers":{"manual":{"metadata":{"operationMetadataId":"7527ab73-6dab-46d9-b35d-286391f5603b"},"type":"Request","kind":"Http","inputs":{}}},"actions":{"Get_Account_Access_Token":{"runAfter":{},"metadata":{"operationMetadataId":"f7dfc5c7-d43d-4cf9-b167-6bea535fc5fc"},"type":"OpenApiConnection","inputs":{"host":{"apiId":"/providers/Microsoft.PowerApps/apis/shared_videoindexer-v2","connectionName":"shared_videoindexer-v2_1","operationId":"Get-Account-Access-Token"},"parameters":{"location":"westeurope","accountId":"7e119b13-78d1-4938-97b6-4b1e1e383173","allowEdit":false},"authentication":"@parameters('$authentication')"}},"Get_Video_Captions":{"runAfter":{"Get_Video_Index":["Succeeded"]},"metadata":{"operationMetadataId":"f31fb7ff-141b-4468-8fb1-a9350cd11ab8"},"type":"OpenApiConnection","inputs":{"host":{"apiId":"/providers/Microsoft.PowerApps/apis/shared_videoindexer-v2","connectionName":"shared_videoindexer-v2_1","operationId":"Get-video-captions"},"parameters":{"location":"westeurope","accountId":"422a0f3a-be51-44dc-ba16-0427bc2a7dc7","videoId":"@triggerOutputs()['queries']['id']","accessToken":"@body('Get_Account_Access_Token')","format":"vtt","language":"English"},"authentication":"@parameters('$authentication')"}},"Get_Video_Index":{"runAfter":{"Get_Account_Access_Token":["Succeeded"]},"metadata":{"operationMetadataId":"4b91f0b2-c517-474d-9f57-e8f99fd0dfb2"},"type":"OpenApiConnection","inputs":{"host":{"apiId":"/providers/Microsoft.PowerApps/apis/shared_videoindexer-v2","connectionName":"shared_videoindexer-v2_1","operationId":"Get-Video-Index"},"parameters":{"location":"westeurope","accountId":"7e119b13-78d1-4938-97b6-4b1e1e383173","videoId":"@triggerOutputs()['queries']['id']","accessToken":"@body('Get_Account_Access_Token')","language":"English"},"authentication":"@parameters('$authentication')"}},"Create_file":{"runAfter":{"Get_Video_Captions":["Succeeded"]},"metadata":{"operationMetadataId":"69d03cff-18e2-4e33-bc3c-2f962b1200f2"},"type":"OpenApiConnection","inputs":{"host":{"apiId":"/providers/Microsoft.PowerApps/apis/shared_onedriveforbusiness","connectionName":"shared_onedriveforbusiness","operationId":"CreateFile"},"parameters":{"folderPath":"/4th Year/Software Project/Videos/Summarised","name":"@{outputs('Get_Video_Index')?['body/name']}.vtt","body":"@body('Get_Video_Captions')"},"authentication":"@parameters('$authentication')"},"runtimeConfiguration":{"contentTransfer":{"transferMode":"Chunked"}}},"Extract_the_key_phrases_from_text":{"runAfter":{"Get_file_content":["Succeeded"]},"metadata":{"operationMetadataId":"dac07f65-753a-4b08-bccc-e80ab1b9deb6","flowSystemMetadata":{"portalOperationId":"aibuilderpredict_keyphraseextraction","portalOperationGroup":"aibuilder","portalOperationApiDisplayNameOverride":"AI Builder","portalOperationIconOverride":"https://psuxemea.azureedge.net/Content/Images/DesignerOperations/aiBuilder.png","portalOperationBrandColorOverride":"#742775","portalOperationApiTierOverride":"Standard"}},"type":"OpenApiConnection","inputs":{"host":{"apiId":"/providers/Microsoft.PowerApps/apis/shared_commondataserviceforapps","connectionName":"shared_commondataserviceforapps","operationId":"aibuilderpredict_keyphraseextraction"},"parameters":{"item/requestv2/language":"en","item/requestv2/text":"@body('Get_file_content')","recordId":"c8425db7-c5a7-4226-b38e-c93a044c0fe1"},"authentication":"@parameters('$authentication')"}},"Apply_to_each_2":{"foreach":"@outputs('Extract_the_key_phrases_from_text')?['body/responsev2/predictionOutput/results']","actions":{"Create_file_3":{"runAfter":{},"metadata":{"operationMetadataId":"610336e9-9c3a-4a5a-909e-e417754fd158"},"type":"OpenApiConnection","inputs":{"host":{"apiId":"/providers/Microsoft.PowerApps/apis/shared_onedriveforbusiness","connectionName":"shared_onedriveforbusiness","operationId":"CreateFile"},"parameters":{"folderPath":"/4th Year/Software Project/Videos/Summarised","name":"@{outputs('Create_file')?['body/Name']}_summarised","body":"@items('Apply_to_each_2')?['phrase']"},"authentication":"@parameters('$authentication')"},"runtimeConfiguration":{"contentTransfer":{"transferMode":"Chunked"}}},"Send_an_email_(V2)":{"runAfter":{"Create_file_3":["Succeeded"]},"metadata":{"operationMetadataId":"0a6d65fc-15a9-4955-912c-ca10c4aa176e"},"type":"OpenApiConnection","inputs":{"host":{"apiId":"/providers/Microsoft.PowerApps/apis/shared_office365","connectionName":"shared_office365","operationId":"SendEmailV2"},"parameters":{"emailMessage/To":"x18322486@student.ncirl.ie","emailMessage/Subject":"Meeting Notes","emailMessage/Body":"<p>@{items('Apply_to_each_2')?['phrase']}</p>"},"authentication":"@parameters('$authentication')"}}},"runAfter":{"Extract_the_key_phrases_from_text":["Succeeded"]},"metadata":{"operationMetadataId":"49267f0b-f4c6-44aa-a3d9-811c7408bd25"},"type":"Foreach"},"Get_file_content":{"runAfter":{"Create_file":["Succeeded"]},"metadata":{"operationMetadataId":"2c42b129-a3ad-4691-9513-875538425d8c"},"type":"OpenApiConnection","inputs":{"host":{"apiId":"/providers/Microsoft.PowerApps/apis/shared_onedriveforbusiness","connectionName":"shared_onedriveforbusiness","operationId":"GetFileContent"},"parameters":{"id":"@outputs('Create_file')?['body/Path']","inferContentType":true},"authentication":"@parameters('$authentication')"}}},"outputs":{}},"connectionReferences":{"shared_videoindexer-v2_1":{"connectionName":"shared-videoindexer--1b816957-c7da-4367-99b1-369edfbc1562","source":"Embedded","id":"/providers/Microsoft.PowerApps/apis/shared_videoindexer-v2","tier":"NotSpecified"},"shared_onedriveforbusiness":{"connectionName":"shared-onedriveforbu-7eff04d0-8b21-4b98-81e0-aa08-71109aa9","source":"Embedded","id":"/providers/Microsoft.PowerApps/apis/shared_onedriveforbusiness","tier":"NotSpecified"},"shared_commondataserviceforapps":{"connectionName":"shared-commondataser-db437e56-f47b-4380-829e-3613a73b265f","source":"Embedded","id":"/providers/Microsoft.PowerApps/apis/shared_commondataserviceforapps","tier":"NotSpecified"},"shared_office365":{"connectionName":"shared-office365-b59892ed-57d9-4be7-96af-bd81-dd020608","source":"Embedded","id":"/providers/Microsoft.PowerApps/apis/shared_office365","tier":"NotSpecified"}},"flowFailureAlertSubscribed":false,"isManaged":false}}